colspecs,colnames
"(1093, 1095)",persEligibleForAccessSupplementr42
"(247, 249)",militaryFulltimeActiveDutyR31
"(249, 251)",militaryFulltimeActiveDutyR42
"(251, 253)",militaryFulltimeActiveDutyR53
"(505, 507)",anyLimitationWorkhousewrkschlRd31
"(507, 509)",anyLimitationWorkhousewrkschlRd53
"(647, 650)",saq4wksaccmpLessBcPhyPrbsVr12
"(726, 729)",saq12MosVisitsToMedOffForCare
"(644, 647)",saqHlthLimitsClimbingStairsVr12
"(781, 784)",saqDateCompletedMonth
"(784, 788)",saqDateCompletedYear
"(641, 644)",saqHlthLimitsModActivitiesVr12
"(698, 701)",saq2WksFeltDowndepressedhopeless
"(686, 689)",saq30DaysHowOftnEverythngAnEffort
"(653, 656)",saq4wksAccmpLessBcMntPrbsVr12
"(665, 668)",saq4wksHadALotOfEnergyVr12
"(745, 748)",saq12MosDocExplainedSoUnderstood
"(734, 737)",saq12MosDrGivenInstrEzUndrstd
"(740, 742)",saq12MosHadToFillOutsignForms
"(742, 745)",saq12MosOffrdHelpFillingOutForms
"(638, 641)",saqHealthInGeneralVr12
"(444, 447)",adhdaddDiagnosis517
"(447, 449)",ageOfDiagnosisadhdadd
"(729, 732)",saq12MosRatingOfHealthCare
"(677, 680)",saq30DaysHowOftenFeltHopeless
"(716, 718)",saq12mosIllinjuryNeedingImmedCare
"(718, 721)",saq12MosGotCareWhenNeededIllinj
"(704, 707)",saqDoNotNeedHealthInsurance
"(707, 710)",saqHealthInsuranceNotWorthCost
"(732, 734)",saq12MosDrGaveSpcifcInstrctns
"(695, 698)",saq2WksLittleInterestInThings
"(788, 790)",saqLanguageOfSaqInterview
"(453, 455)",adlScreenerRd31
"(455, 457)",adlScreenerRd53
"(748, 751)",saq12MosDoctorListenedToYou
"(656, 659)",saq4wksworkLimtBcMntProbsVr12
"(674, 677)",saq30DaysHowOftenFeltNervous
"(759, 762)",saq12mosDrAdvisedToQuitSmoking
"(713, 716)",saqCanOvercomeIllsWithoutMedHelp
"(659, 662)",saq4wksPainLimitsNormalWorkVr12
"(662, 665)",saq4wksFeltCalmpeacefulVr12
"(635, 638)",saqRelationshipOfProxyToAdult
"(668, 671)",saq4wksFeltDownhearteddeprVr12
"(754, 757)",saq12MosDrSpentEnufTimeWithYou
"(751, 754)",saq12MosDrShowedRespect
"(680, 683)",saq30DaysHowOftenFeltRestless
"(710, 713)",saqMoreLikelyToTakeRisks
"(721, 723)",saq12MosMadeApptRoutineMedCare
"(723, 726)",saq12MosGotMedApptWhenWanted
"(683, 686)",saq30DaysHowOftenFeltSad
"(757, 759)",saqCurrentlySmoke
"(764, 767)",saq12mosHowEsyToSeeSpecialist
"(671, 674)",saq4wksHlthStoppedSocActivVr12
"(762, 764)",saq12MosNeededToSeeSpecialist
"(737, 740)",saq12MosDrAskedRDescHowFollow
"(590, 592)",prblmGettingAlongWadults517r42
"(650, 653)",saq4wksworkLimtBcPhyProbsVr12
"(689, 692)",saq30DaysHowOftenFeltWorthless
"(1143, 1145)",couldNotAffordMedCarer42
"(1147, 1149)",couldNotAffordDentalCarer42
"(1151, 1153)",couldNotAffordPmedCarer42
"(1131, 1133)",howDiffContactUscAftHoursr42
"(181, 183)",ageAsOf123121Editedimputed
"(175, 177)",ageR31Editedimputed
"(177, 179)",ageR42Editedimputed
"(179, 181)",ageR53Editedimputed
"(183, 185)",personsAgeLastTimeEligible
"(457, 459)",usedAssistiveDevicesRd31
"(459, 461)",usedAssistiveDevicesRd53
"(1732, 1733)",alimonyIncomeImputationFlag
"(1727, 1732)",personsAlimonyIncome
"(318, 320)",ageOfDiagnosisangina
"(315, 318)",anginaDiagnosis17
"(545, 548)",anyLimitationInP23r78p24r567p25r34p26r123
"(396, 399)",ageOfDiagnosisarthritis
"(390, 393)",arthritisDiagnosis17
"(393, 396)",typeOfArthritisDiagnosed17
"(416, 418)",usedAcutePresInhalerLast3MosRd31
"(418, 420)",usedAcutePresInhalerLast3MosRd53
"(408, 410)",asthmaAttackLast12MosRd31
"(410, 412)",asthmaAttackLast12MosRd53
"(428, 430)",nowTakePrevDailyAsthmaMedsRd31
"(430, 432)",nowTakePrevDailyAsthmaMedsRd53
"(436, 438)",everUsedPeakFlowMeterRd31
"(438, 440)",everUsedPeakFlowMeterRd53
"(1117, 1119)",isProviderAsianr42
"(420, 422)",used3AcuteCnPresInhLast3MosRd31
"(422, 424)",used3AcuteCnPresInhLast3MosRd53
"(432, 434)",havePeakFlowMeterAtHomeRd31
"(434, 436)",havePeakFlowMeterAtHomeRd53
"(424, 426)",everUsedPrevDailyAsthmaMedsRd31
"(426, 428)",everUsedPrevDailyAsthmaMedsRd53
"(404, 406)",doesPersonStillHaveAsthmaRd31
"(406, 408)",doesPersonStillHaveAsthmaRd53
"(402, 404)",ageOfDiagnosisasthma
"(399, 402)",asthmaDiagnosis
"(412, 414)",whenWasLastEpisodeOfAsthmaRd31
"(414, 416)",whenWasLastEpisodeOfAsthmaRd53
"(440, 442)",whenLastUsedPeakFlowMeterRd31
"(442, 444)",whenLastUsedPeakFlowMeterRd53
"(110, 112)",r31ReferencePeriodBeginDateMonth
"(122, 124)",r42ReferencePeriodBeginDateMonth
"(134, 136)",r53ReferencePeriodBeginDateMonth
"(112, 116)",r31ReferencePeriodBeginDateYear
"(124, 128)",r42ReferencePeriodBeginDateYear
"(136, 140)",r53ReferencePeriodBeginDateYear
"(490, 493)",difficultyBendingstoopingRd31
"(493, 495)",difficultyBendingstoopingRd53
"(1115, 1117)",isProviderBlackafricanAmerr42
"(1175, 1177)",everHadCovid19BoosterShotR53
"(268, 271)",personBornInTheUs
"(308, 310)",multDiagHighBloodPress17
"(1433, 1436)",solePropPartnerCorpRd31Cmj
"(1538, 1540)",solPropPrtnrCorpRd31CmjImp
"(1436, 1439)",solePropPartnerCorpRd42Cmj
"(1540, 1542)",solPropPrtnrCorpRd42CmjImp
"(1439, 1442)",solePropPartnerCorpRd53Cmj
"(1542, 1544)",solPropPrtnrCorpRd53CmjImp
"(1662, 1663)",businessIncomeImputationFlag
"(1655, 1662)",personsBusinessIncome
"(356, 358)",cancerDiagnosedBladder17
"(358, 360)",cancerDiagnosedBreast17
"(360, 362)",cancerDiagnosedCervical17
"(362, 364)",cancerDiagnosedColon17
"(364, 366)",cancerDiagnosedLung17
"(366, 368)",cancerDiagnosedLymphomaNonhodgkins17
"(368, 370)",cancerDiagnosedSkinMelanoma17
"(353, 356)",cancerDiagnosis17
"(370, 372)",cancerDiagnosedOther17
"(372, 374)",cancerDiagnosedProstate17
"(1739, 1745)",personsOtherRegularCashContribution
"(376, 378)",cancerDiagnosedskinunknownType17
"(374, 376)",cancerDiagnosedSkinnonmelano17
"(378, 380)",cancerDiagnosedUterine17
"(612, 614)",cahps12mosOfOffclinApts017r42
"(343, 346)",chroncBronchitsLast12Mths17r31
"(346, 348)",chroncBronchitsLast12Mths17r53
"(572, 574)",cshcnchildNeedsCounseling017r42
"(313, 315)",ageOfDiagnosiscoronaryHeartDisease
"(310, 313)",coronaryHrtDiseaseDiag17
"(574, 576)",cshcncounsProbLast12mos017r42
"(616, 618)",cahps12moschldDrExplThng017r42
"(626, 628)",cahps12mosGetApptForSpec017r42
"(1354, 1357)",changedJobBetweenRd31AndRd42
"(1357, 1360)",changedJobBetweenRd42AndRd53
"(622, 624)",cahps12mosrateChldHltCare017r42
"(604, 606)",cahps12mosillinjNeedCare017r42
"(606, 608)",cahps12mosillCareWhnWntd017r42
"(1733, 1738)",personsChildSupport
"(564, 566)",cshcnlimitCondLast12mos017r42
"(562, 564)",cshcnlimtForHlthbehvCond017r42
"(560, 562)",cshcnlimitedInAnyWay017r42
"(1738, 1739)",childSupportImputationFlag
"(614, 616)",cahps12moschldDrLsnToYou017r42
"(1302, 1305)",choiceOfHealthPlansAtRd31Cmj
"(1305, 1308)",choiceOfHealthPlansAtRd42Cmj
"(1308, 1311)",choiceOfHealthPlansAtRd53Cmj
"(351, 353)",ageOfDiagnosishighCholesterol
"(348, 351)",highCholesterolDiagnosis17
"(552, 554)",cshcnpmedCondLast12Mos017r42
"(548, 550)",cshcnchildNeedsPrescrbMed017r42
"(550, 552)",cshcnpmedForHlthbehvCond017r42
"(620, 622)",cahps12moschildDrEnghTime017r42
"(618, 620)",cahps12moschldsDrShwResp017r42
"(608, 610)",cahps12mosmakeRoutCareApt017r42
"(610, 612)",cahps12mosroutAptWhnWntd017r42
"(554, 556)",cshcnchldNeedsMedothServ017r42
"(624, 626)",cahps12mosMakeApptForSpec017r42
"(558, 560)",cshcnservCondLast12Mos017r42
"(556, 558)",cshcnservForHlthbehvCond017r42
"(570, 572)",cshcntherCondLast12Mos017r42
"(566, 568)",cshcnchldNeedsSpecTherapy017r42
"(568, 570)",cshcnspecTherForHlthcond017r42
"(1562, 1564)",hlthInsurHeldFromRd31CmjPrpl
"(1564, 1566)",hlthInsurHeldFromRd42CmjPrpl
"(1566, 1568)",hlthInsurHeldFromRd53CmjPrpl
"(529, 531)",cognitiveLimitationsRd31
"(531, 533)",cognitiveLimitationsRd53
"(32, 34)",cpslikeFamilyIdentifier
"(2768, 2770)",familyMedBillsBeingPaidOverTime
"(576, 578)",cshcnchildWspecHcNeeds017r42
"(1745, 1746)",cashContributionImputationFlag
"(1153, 1155)",delayMedCareForCovidR31
"(1155, 1157)",delayMedCareForCovidR42
"(1157, 1159)",delayMedCareForCovidR53
"(1159, 1161)",delayGettingDentalForCovidR31
"(1161, 1163)",delayGettingDentalForCovidR42
"(1163, 1165)",delayGettingDentalForCovidR53
"(1165, 1167)",delayGettingPmedForCovidR31
"(1167, 1169)",delayGettingPmedForCovidR42
"(1169, 1171)",delayGettingPmedForCovidR53
"(1171, 1173)",everHadCovid19VaccineR42
"(1173, 1175)",everHadCovid19VaccineR53
"(582, 584)",problemGettingAlongWdad517r42
"(282, 285)",pidOfPersonsDadRd31
"(285, 288)",pidOfPersonsDadRd42
"(288, 291)",pidOfPersonsDadRd53
"(790, 791)",eligibilityStatusForDcs
"(1084, 1087)",daysMissedWorkDueToIllinj2021
"(1135, 1137)",provAsksPersToHelpDecider42
"(2746, 2748)",dentalInsuranceAnyTimeInRd31
"(2748, 2750)",dentalInsuranceAnyTimeInRd42
"(2750, 2752)",dentalInsuranceAnyTimeInRd53
"(537, 539)",seriousCognitiveDifficultiesrd42
"(541, 543)",difficultyDressingbathingrd42
"(543, 545)",difficultyDoingErrandsAlonerd42
"(533, 535)",seriousDifficultyHearingrd42
"(535, 537)",seriousDifficultySeeWglassesrd42
"(539, 541)",seriousDifcultyWlkclimbStairsrd42
"(382, 384)",ageOfDiagnosisdiabetes
"(380, 382)",diabetesDiagnosis
"(4257, 4269)",finalDiabetesCareSupplementWeight2021
"(1230, 1233)",personsWagesDifferentThisRd31AtCmj
"(1233, 1236)",personsWagesDifferentThisRd42AtCmj
"(1236, 1239)",personsWagesDifferentThisRd53AtCmj
"(1293, 1296)",disavowedHealthInsAtRd31CmjEd
"(1296, 1299)",disavowedHealthInsAtRd42CmjEd
"(1299, 1302)",disavowedHealthInsAtRd53CmjEd
"(1682, 1687)",personsDividendIncome
"(1687, 1688)",dividendIncomeImputationFlag
"(1141, 1143)",delayMedCareForCostr42
"(1145, 1147)",delayGettingDentalForCostr42
"(1149, 1151)",delayGettingPmedForCostr42
"(2754, 2756)",dentlInsanyTimeInR5r3Til123121
"(2752, 2754)",dentalInsAnyTimeInRd31In2021
"(185, 187)",dateOfBirthMonth
"(187, 191)",dateOfBirthYear
"(793, 796)",dcsTimesTestedForAonec2021
"(835, 838)",dcsBloodCholesterolCheckedBef2020
"(879, 881)",dcsLearnedCareByTakingGroupClass
"(832, 835)",dcsBloodCholesterolCheckedIn2020
"(829, 832)",dcsBloodCholesterolCheckedIn2021
"(826, 829)",dcsBloodCholesterolCheckedIn2022
"(838, 841)",dcsNeverHadBloodCholesterolChecked
"(877, 879)",dcsLearnedCareFromReadingInternet
"(873, 875)",dcsLearnedCareFromOtherProvider
"(881, 884)",dcsConfidentTakingCareOfDiabetes
"(871, 873)",dcsLearnedCareFromPrimaryCareProv
"(875, 877)",dcsLearnCareFromPhoneCallWprov
"(791, 793)",dcsDiabetesDiagnosisByHealthProf
"(862, 865)",dcsTreatDiabetesWdietModification
"(820, 823)",dcsDilatedEyeExamBefore2020
"(817, 820)",dcsDilatedEyeExamIn2020
"(814, 817)",dcsDilatedEyeExamIn2021
"(811, 814)",dcsDilatedEyeExamIn2022
"(823, 826)",dcsNeverHadDilatedEyeExam
"(859, 862)",dcsHasDiabetesCausedEyeProbs
"(805, 808)",dcsHadFeetCheckedBefore2020
"(847, 850)",dcsGotFluVaccinationIn2020
"(844, 847)",dcsGotFluVaccinationIn2021
"(841, 844)",dcsGotFluVaccinationIn2022
"(853, 856)",dcsNeverGotFluVaccination
"(802, 805)",dcsHadFeetCheckedDuring2020
"(799, 802)",dcsHadFeetCheckedDuring2021
"(796, 799)",dcsHadFeetCheckedDuring2022
"(808, 811)",dcsNeverHadFeetChecked
"(868, 871)",dcsTreatDiabetesWinsulinInjections
"(856, 859)",dcsHasDiabetesCausedKidneyProblems
"(865, 868)",dcsTreatDiabetesWmedsByMouth
"(884, 887)",dcsWasRespondentAProxy
"(850, 853)",dcsGotFluVaccinationBefore2020
"(0, 7)",panelEncryptedDuIdentifier
"(10, 20)",personIdDuidPid
"(3817, 3822)",totalDentalCareExp21
"(3831, 3836)",allDentalCareMedicaidAmt21
"(3827, 3831)",allDentalCareMedicareAmt21
"(3849, 3853)",allDentalCareOtherFedrlAmt21
"(3858, 3862)",allDentCareotUnclassSrceAmt21
"(3810, 3812)",dentalCareVisits2021
"(3867, 3871)",allDentalCareOthCombinedAmt21
"(3836, 3841)",allDentalCarePrivateInsAmt21
"(3862, 3867)",allDentalCarePrvTriAmt21
"(3822, 3827)",allDentalCareSelffamilyAmt21
"(3853, 3857)",allDentalCareOthStlocalAmt21
"(3812, 3817)",totalDentalCareVisitCharges21
"(3845, 3849)",allDentalCareTricareAmt21
"(3841, 3845)",allDentalCareVachampvaAmt21
"(3857, 3858)",allDentalCareWorkersCompAmt21
"(233, 236)",yearsOfEducWhenFirstEnteredMeps
"(162, 163)",eligibilityStatusAsOf123121
"(159, 160)",eligibilityR31
"(160, 161)",eligibilityR42
"(161, 162)",eligibilityR53
"(341, 343)",ageOfDiagnosisemphysema
"(338, 341)",emphysemaDiagnosis17
"(1177, 1180)",employmentStatusRd31
"(1478, 1480)",employmentStatusRd31Imp
"(1180, 1183)",employmentStatusRd42
"(1480, 1482)",employmentStatusRd42Imp
"(1183, 1186)",employmentStatusRd53
"(1482, 1484)",employmentStatusRd53Imp
"(146, 148)",2021ReferencePeriodEndDateMonth
"(116, 118)",r31ReferencePeriodEndDateMonth
"(128, 130)",r42ReferencePeriodEndDateMonth
"(140, 142)",r53ReferencePeriodEndDateMonth
"(148, 152)",2021ReferencePeriodEndDateYear
"(118, 122)",r31ReferencePeriodEndDateYear
"(130, 134)",r42ReferencePeriodEndDateYear
"(142, 146)",r53ReferencePeriodEndDateYear
"(3535, 3540)",totalEmergencyRoomDrExp21
"(3553, 3558)",ermedicaidAmtDr21
"(3549, 3553)",ermedicareAmtDr21
"(3569, 3572)",erotherFedAmtDr21
"(3579, 3583)",erothUnclassSrceAmtDr21
"(3587, 3591)",erothCombinedAmtDr21
"(3558, 3562)",erprivateInsAmtDr21
"(3583, 3587)",erprvTriAmtDr21
"(3545, 3549)",erselffamilyAmtDr21
"(3572, 3575)",erothStlocalAmtDr21
"(3540, 3545)",erDoctorVisitCharges21
"(3566, 3569)",ertricareAmtDr21
"(3562, 3566)",ervachampvaAmtDr21
"(3575, 3579)",erworkersCompAmtDr21
"(3474, 3479)",totalErFacilityExp21
"(3488, 3493)",ermedicaidAmtFac21
"(3483, 3488)",ermedicareAmtFac21
"(3506, 3510)",erotherFederalAmtFac21
"(3520, 3525)",erothUnclassSrceAmtFac21
"(3530, 3535)",erothCombinedAmtFac21
"(3493, 3498)",erprivateInsAmtFac21
"(3525, 3530)",erprvTriAmtFac21
"(3479, 3483)",erselffamilyAmtFac21
"(3510, 3515)",erothStlocalAmtFac21
"(3468, 3474)",erFacilityVisitCharges21
"(3502, 3506)",ertricareAmtFac21
"(3498, 3502)",ervachampvaAmtFac21
"(3515, 3520)",erworkersCompAmtFac21
"(3407, 3412)",totalErFacilityDrExp21
"(3421, 3426)",erMedicaidAmtfacdr21
"(3416, 3421)",erMedicareAmtfacdr21
"(3439, 3443)",erOtherFedAmtfacdr21
"(3453, 3458)",erOthUnclassSrceAmtfacdr21
"(3399, 3401)",emergencyRoomVisits2021
"(3463, 3468)",erOthCombinedAmtFacdr21
"(3426, 3431)",erPrivInsAmtfacdr21
"(3458, 3463)",erprvTriAmtFacdr21
"(3412, 3416)",erSelffamilyAmtfacdr21
"(3443, 3448)",erOthStlocalAmtfacdr21
"(3401, 3407)",erFacilityDrVisitCharges21
"(3435, 3439)",erTricareAmtfacdr21
"(3431, 3435)",erVachampvaAmtfacdr21
"(3448, 3453)",erWorkersCompAmtfacdr21
"(1385, 1388)",personHasEverRetired
"(1197, 1200)",everWrkdForPayInLifeAsOf123121
"(1137, 1139)",provExplnsOptionsToPersr42
"(28, 30)",familyIdStudentMergedIn123121
"(22, 24)",familyIdStudentMergedInR31
"(24, 26)",familyIdStudentMergedInR42
"(26, 28)",familyIdStudentMergedInR53
"(30, 32)",annualFamilyIdentifier
"(1634, 1640)",familysTotalIncome
"(76, 77)",referencePersonOfAnnualizedFamily
"(72, 74)",familySizeOfResponding1231Family
"(68, 70)",ruSizeIncludingStudentAsOf123121
"(62, 64)",ruSizeIncludingStudentsR31
"(64, 66)",ruSizeIncludingStudentsR42
"(66, 68)",ruSizeIncludingStudentsR53
"(74, 76)",sizeOfRespondingAnnualizedFamily
"(4231, 4244)",povAdjFamilyWgtcpsFamOn123121
"(4218, 4231)",finalFamilyWeight2021
"(36, 38)",refPersonOf1231CpsFamily
"(34, 36)",famSizeResponding1231CpsFamily
"(1604, 1606)",hasPersonFiledAFedIncomeTaxReturn
"(1610, 1612)",primaryOrSecondaryFiler
"(1608, 1610)",personsFilingStatus
"(70, 72)",memberOfResponding1231Family
"(500, 503)",difficultyUsingFingersToGraspRd31
"(503, 505)",difficultyUsingFingersToGraspRd53
"(1621, 1623)",numberOfMonthsFoodStampsPurchased
"(1619, 1621)",didAnyonePurchaseFoodStamps
"(1623, 1628)",monthlyValueOfFoodStamps
"(2484, 2486)",anyoneInRuHaveFsaR31
"(245, 247)",studentStatusIfAges1723123121
"(239, 241)",studentStatusIfAges1723R31
"(241, 243)",studentStatusIfAges1723R42
"(243, 245)",studentStatusIfAges1723R53
"(1125, 1127)",isProviderMaleOrFemaler42
"(578, 580)",prblmGettingInTrouble517r42
"(2570, 2572)",cvOthPubanyTmeInR53Til123121
"(2564, 2566)",covByOtherPublicanyTimeInR31
"(2566, 2568)",covByOtherPublicanyTimeInR42
"(2568, 2570)",covByOtherPublicanyTimeInR53
"(2586, 2588)",covOthPbHmoanyTmR53Til123121
"(2580, 2582)",covByOthPubHmoanyTimeInR31
"(2582, 2584)",covByOthPubHmoanyTimeInR42
"(2584, 2586)",covByOthPubHmoanyTimeInR53
"(2602, 2604)",cvOthPubPaysPremR53Til123121
"(2596, 2598)",cvByOthPubPaysPremanyTimeInR31
"(2598, 2600)",cvByOthPubPaysPremanyTimeInR42
"(2600, 2602)",cvByOthPubPaysPremanyTimeInR53
"(2562, 2564)",covByOtherPublicCov123121
"(2556, 2558)",covByOtherPublicCovR31IntDt
"(2558, 2560)",covByOtherPublicCovR42IntDt
"(2560, 2562)",covByOtherPublicCov1231r3IntDt
"(2578, 2580)",covByOthPubHmo123121
"(2572, 2574)",covByOthPubHmoR31IntDt
"(2574, 2576)",covByOthPubHmoR42IntDt
"(2576, 2578)",covByOthPubHmo1231r3IntDt
"(2594, 2596)",covByOthPubPaysPrem123121
"(2588, 2590)",covByOthPubPaysPremR31IntDt
"(2590, 2592)",covByOthPubPaysPremR42IntDt
"(2592, 2594)",covByOthPubPaysPrem1231r3IntDt
"(1900, 1902)",covByOtherPublicCoverageInApr21
"(1908, 1910)",covByOtherPublicCoverageInAug21
"(1916, 1918)",covByOtherPublicCoverageInDec21
"(2403, 2404)",everHaveOtherPublicDuring2021
"(1896, 1898)",covByOtherPublicCoverageInFeb21
"(1894, 1896)",covByOtherPublicCoverageInJan21
"(1906, 1908)",covByOtherPublicCoverageInJul21
"(1904, 1906)",covByOtherPublicCoverageInJun21
"(1898, 1900)",covByOtherPublicCoverageInMar21
"(1902, 1904)",covByOtherPublicCoverageInMay21
"(1914, 1916)",covByOtherPublicCoverageInNov21
"(1912, 1914)",covByOtherPublicCoverageInOct21
"(1910, 1912)",covByOtherPublicCoverageInSep21
"(1924, 1926)",covByOtherPublicHmoInApr21
"(1932, 1934)",covByOtherPublicHmoInAug21
"(1940, 1942)",covByOtherPublicHmoInDec21
"(2404, 2405)",everHaveOtherPublicHmoDuring2021
"(1920, 1922)",covByOtherPublicHmoInFeb21
"(1918, 1920)",covByOtherPublicHmoInJan21
"(1930, 1932)",covByOtherPublicHmoInJul21
"(1928, 1930)",covByOtherPublicHmoInJun21
"(1922, 1924)",covByOtherPublicHmoInMar21
"(1926, 1928)",covByOtherPublicHmoInMay21
"(1938, 1940)",covByOtherPublicHmoInNov21
"(1936, 1938)",covByOtherPublicHmoInOct21
"(1934, 1936)",covByOtherPublicHmoInSep21
"(1948, 1950)",covByOtherPublicPaysPremInApr21
"(1956, 1958)",covByOtherPublicPaysPremInAug21
"(1964, 1966)",covByOtherPublicPaysPremInDec21
"(2405, 2406)",everHaveOthPubPaysPremDuring2021
"(1944, 1946)",covByOtherPublicPaysPremInFeb21
"(1942, 1944)",covByOtherPublicPaysPremInJan21
"(1954, 1956)",covByOtherPublicPaysPremInJul21
"(1952, 1954)",covByOtherPublicPaysPremInJun21
"(1946, 1948)",covByOtherPublicPaysPremInMar21
"(1950, 1952)",covByOtherPublicPaysPremInMay21
"(1962, 1964)",covByOtherPublicPaysPremInNov21
"(1960, 1962)",covByOtherPublicPaysPremInOct21
"(1958, 1960)",covByOtherPublicPaysPremInSep21
"(2486, 2489)",personIsFsaHolderR31
"(1095, 1097)",doesPersonHaveUscProviderr42
"(588, 590)",problemHavingFun517R42
"(1451, 1454)",healthInsurHeldFromRd31CmjEd
"(1454, 1457)",healthInsurHeldFromRd42CmjEd
"(1457, 1460)",healthInsurHeldFromRd53CmjEd
"(3884, 3890)",totalHomeHealthAgencyExp21
"(3874, 3877)",agencyHomeHealthProviderDays2021
"(3901, 3907)",homeHlthAgencyMedicaidAmt21
"(3895, 3901)",homeHlthAgencyMedicareAmt21
"(3922, 3923)",homeHlthAgencyotherFedAmt21
"(3933, 3937)",hHlthAgencyOtUnclassSrceAmt21
"(3943, 3949)",homeHlthAgencyOthCombinedAmt21
"(3907, 3913)",homeHlthAgencyPrivateInsAmt21
"(3937, 3943)",homeHlthAgencyPrvTriAmt21
"(3890, 3895)",homeHlthAgencySelffamilyAmt21
"(3923, 3929)",homeHlthAgencyothrStlocalAmt21
"(3877, 3884)",homeHealthAgencyVisitCharges21
"(3918, 3922)",homeHlthAgencytricareAmt21
"(3913, 3918)",homeHlthAgencyvachampvaAmt21
"(3929, 3933)",homeHlthAgencyWorkersCompAmt21
"(3949, 3952)",nonagencyHomeHealthProvidrDays2021
"(4005, 4008)",informalHomeHealthProviderDays2021
"(3957, 3962)",totalHomeHealthNonagncyExp21
"(3967, 3972)",homeHlthNonagncyMedicaidAmt21
"(3972, 3976)",homeHlthNonagncyMedicareAmt21
"(3989, 3990)",homeHlthNonagncyothrFedAmt21
"(3992, 3996)",hHlthNonagncyotUnclassSrceAmt21
"(4001, 4005)",homeHlthNonagncyOthCombinedAmt21
"(3976, 3981)",homeHlthNonagncyPrivInsAmt21
"(3996, 4001)",homeHlthNonagncyPrvTriAmt21
"(3962, 3967)",homeHlthNonagncySelffamAmt21
"(3990, 3991)",homeHlthNonagncyothrStloclAmt21
"(3952, 3957)",homeHealthNonagencyVisitCharges21
"(3984, 3989)",homeHlthNonagncytricareAmt21
"(3981, 3984)",homeHlthNonagncyvachampvaAmt21
"(3991, 3992)",homeHlthNonagncyworkersCompAmt21
"(3871, 3874)",homeHealthProviderDays2021
"(306, 308)",ageOfDiagnosishighBloodPressure
"(303, 306)",highBloodPressureDiag17
"(236, 239)",highestDegreeWhenFirstEnteredMeps
"(1765, 1774)",hieuIdentifier
"(602, 604)",problemWbehaviorAtHome517r42
"(1257, 1260)",hoursPerWeekAtRd31Cmj
"(1517, 1520)",hoursPerWeekAtRd31CmjImp
"(1260, 1263)",hoursPerWeekAtRd42Cmj
"(1520, 1523)",hoursPerWeekAtRd42CmjImp
"(1263, 1266)",hoursPerWeekAtRd53Cmj
"(1523, 1526)",hoursPerWeekAtRd53CmjImp
"(2260, 2262)",pholderOfPrivInsSourceUnknwnApr21
"(2268, 2270)",pholderOfPrivInsSourceUnknwnAug21
"(2276, 2278)",pholderOfPrivInsSourceUnknwnDec21
"(2256, 2258)",pholderOfPrivInsSourceUnknwnFeb21
"(2254, 2256)",pholderOfPrivInsSourceUnknwnJan21
"(2266, 2268)",pholderOfPrivInsSourceUnknwnJul21
"(2264, 2266)",pholderOfPrivInsSourceUnknwnJun21
"(2258, 2260)",pholderOfPrivInsSourceUnknwnMar21
"(2262, 2264)",pholderOfPrivInsSourceUnknwnMay21
"(2274, 2276)",pholderOfPrivInsSourceUnknwnNov21
"(2272, 2274)",pholderOfPrivInsSourceUnknwnOct21
"(2270, 2272)",pholderOfPrivInsSourceUnknwnSep21
"(2236, 2238)",pholderOfEmplUnionInsInApr21
"(2244, 2246)",pholderOfEmplUnionInsInAug21
"(2252, 2254)",pholderOfEmplUnionInsInDec21
"(2232, 2234)",pholderOfEmplUnionInsInFeb21
"(2230, 2232)",pholderOfEmplUnionInsInJan21
"(2242, 2244)",pholderOfEmplUnionInsInJul21
"(2240, 2242)",pholderOfEmplUnionInsInJun21
"(2234, 2236)",pholderOfEmplUnionInsInMar21
"(2238, 2240)",pholderOfEmplUnionInsInMay21
"(2250, 2252)",pholderOfEmplUnionInsInNov21
"(2248, 2250)",pholderOfEmplUnionInsInOct21
"(2246, 2248)",pholderOfEmplUnionInsInSep21
"(2284, 2286)",pholderOfNongroupInsInApr21
"(2292, 2294)",pholderOfNongroupInsInAug21
"(2300, 2302)",pholderOfNongroupInsInDec21
"(2280, 2282)",pholderOfNongroupInsInFeb21
"(2278, 2280)",pholderOfNongroupInsInJan21
"(2290, 2292)",pholderOfNongroupInsInJul21
"(2288, 2290)",pholderOfNongroupInsInJun21
"(2282, 2284)",pholderOfNongroupInsInMar21
"(2286, 2288)",pholderOfNongroupInsInMay21
"(2298, 2300)",pholderOfNongroupInsInNov21
"(2296, 2298)",pholderOfNongroupInsInOct21
"(2294, 2296)",pholderOfNongroupInsInSep21
"(2308, 2310)",pholderOfOtherGroupInsInApr21
"(2316, 2318)",pholderOfOtherGroupInsInAug21
"(2324, 2326)",pholderOfOtherGroupInsInDec21
"(2304, 2306)",pholderOfOtherGroupInsInFeb21
"(2302, 2304)",pholderOfOtherGroupInsInJan21
"(2314, 2316)",pholderOfOtherGroupInsInJul21
"(2312, 2314)",pholderOfOtherGroupInsInJun21
"(2306, 2308)",pholderOfOtherGroupInsInMar21
"(2310, 2312)",pholderOfOtherGroupInsInMay21
"(2322, 2324)",pholderOfOtherGroupInsInNov21
"(2320, 2322)",pholderOfOtherGroupInsInOct21
"(2318, 2320)",pholderOfOtherGroupInsInSep21
"(2356, 2358)",pholderOfPrivateInsuranceInApr21
"(2364, 2366)",pholderOfPrivateInsuranceInAug21
"(2372, 2374)",pholderOfPrivateInsuranceInDec21
"(2352, 2354)",pholderOfPrivateInsuranceInFeb21
"(2350, 2352)",pholderOfPrivateInsuranceInJan21
"(2362, 2364)",pholderOfPrivateInsuranceInJul21
"(2360, 2362)",pholderOfPrivateInsuranceInJun21
"(2354, 2356)",pholderOfPrivateInsuranceInMar21
"(2358, 2360)",pholderOfPrivateInsuranceInMay21
"(2370, 2372)",pholderOfPrivateInsuranceInNov21
"(2368, 2370)",pholderOfPrivateInsuranceInOct21
"(2366, 2368)",pholderOfPrivateInsuranceInSep21
"(2332, 2334)",pholderOfPrivInsThroughExchInApr21
"(2340, 2342)",pholderOfPrivInsThroughExchInAug21
"(2348, 2350)",pholderOfPrivInsThroughExchInDec21
"(2328, 2330)",pholderOfPrivInsThroughExchInFeb21
"(2326, 2328)",pholderOfPrivInsThroughExchInJan21
"(2338, 2340)",pholderOfPrivInsThroughExchInJul21
"(2336, 2338)",pholderOfPrivInsThroughExchInJun21
"(2330, 2332)",pholderOfPrivInsThroughExchInMar21
"(2334, 2336)",pholderOfPrivInsThroughExchInMay21
"(2346, 2348)",pholderOfPrivInsThroughExchInNov21
"(2344, 2346)",pholderOfPrivInsThroughExchInOct21
"(2342, 2344)",pholderOfPrivInsThroughExchInSep21
"(1221, 1224)",howHourlyWageWasCalculatedRd31
"(1224, 1227)",howHourlyWageWasCalculatedRd42
"(1227, 1230)",howHourlyWageWasCalculatedRd53
"(1218, 1219)",hrwg31xImputationFlag
"(1219, 1220)",hrwg42xImputationFlag
"(1220, 1221)",hrwg53xImputationFlag
"(513, 515)",houseworkLimitationRd31
"(515, 517)",houseworkLimitationRd53
"(1111, 1113)",isProviderHispanicOrLatinor42
"(266, 268)",howWellPersonSpeaksEnglish
"(449, 451)",iadlScreenerRd31
"(451, 453)",iadlScreenerRd53
"(2626, 2628)",covByIhs123121
"(2620, 2622)",cvByIndianHealthServiceR31IntDt
"(2622, 2624)",cvByIndianHealthServiceR42IntDt
"(2624, 2626)",cvByIhs1231r3IntDt
"(1996, 1998)",covByIndianHealthServiceInApr21
"(2634, 2636)",covByIhsanyTmeInR53Til123121
"(2628, 2630)",covByIhsAnyTimeInR31
"(2630, 2632)",covByIhsAnyTimeInR42
"(2632, 2634)",covByIhsAnyTimeInR53
"(2004, 2006)",covByIndianHealthServiceInAug21
"(2012, 2014)",covByIndianHealthServiceInDec21
"(1992, 1994)",covByIndianHealthServiceInFeb21
"(1990, 1992)",covByIndianHealthServiceInJan21
"(2002, 2004)",covByIndianHealthServiceInJul21
"(2000, 2002)",covByIndianHealthServiceInJun21
"(1994, 1996)",covByIndianHealthServiceInMar21
"(1998, 2000)",covByIndianHealthServiceInMay21
"(2010, 2012)",covByIndianHealthServiceInNov21
"(2008, 2010)",covByIndianHealthServiceInOct21
"(2006, 2008)",covByIndianHealthServiceInSep21
"(1311, 1314)",industryGroupRd31Cmj
"(1314, 1317)",industryGroupRd42Cmj
"(1317, 1320)",industryGroupRd53Cmj
"(1505, 1507)",industryGroupRd31CmjImp
"(1507, 1509)",industryGroupRd42CmjImp
"(1509, 1511)",industryGroupRd53CmjImp
"(2736, 2738)",insured123121Ed
"(2730, 2732)",insuredR31IntDateEd
"(2732, 2734)",insuredR42IntDateEd
"(2734, 2736)",insured1231r3IntDateEd
"(2380, 2382)",covrByHospmedInsInApr21
"(2744, 2746)",insuredAnyTimeInR5r3Until123121
"(2738, 2740)",insuredAnyTimeInR31
"(2740, 2742)",insuredAnyTimeInR42
"(2742, 2744)",insuredAnyTimeInR53
"(2388, 2390)",covrByHospmedInsInAug21
"(157, 158)",inscopeStatusOn123121
"(156, 157)",inscopeR53StartThrough123121
"(153, 154)",inscopeR31
"(154, 155)",inscopeR42
"(155, 156)",inscopeR53
"(158, 159)",wasPersonEverInscopeIn2021
"(2407, 2408)",healthInsuranceCoverageIndicator2021
"(2396, 2398)",covrByHospmedInsInDec21
"(2376, 2378)",covrByHospmedInsInFeb21
"(2374, 2376)",covrByHospmedInsInJan21
"(2386, 2388)",covrByHospmedInsInJul21
"(2384, 2386)",covrByHospmedInsInJun21
"(2378, 2380)",covrByHospmedInsInMar21
"(2382, 2384)",covrByHospmedInsInMay21
"(2394, 2396)",covrByHospmedInsInNov21
"(2392, 2394)",covrByHospmedInsInOct21
"(2390, 2392)",covrByHospmedInsInSep21
"(2408, 2409)",fullYearInsuranceCoverageStatus2021
"(1681, 1682)",interestIncomeImputationFlag
"(1675, 1681)",personsInterestIncome
"(108, 110)",languageInterviewWasCompleted
"(3745, 3751)",totlHospStazDrExp21
"(3591, 3593)",hospitalDischarges2021
"(3767, 3772)",ipHospStazmedicaidAmtdr21
"(3761, 3767)",ipHospStazmedicareAmtDr21
"(3785, 3786)",ipHospStazotherFedAmtdr21
"(3794, 3798)",ipHospStazotUnclassSorceAmtdr21
"(3803, 3807)",ipHospStazothCombinedAmtdr21
"(3772, 3777)",ipHospStazprivInsAmtDr21
"(3798, 3803)",ipHospStazprvTriAmtdr21
"(3757, 3761)",ipHospStazselffamilyAmtdr21
"(3786, 3790)",ipHospStazothStlocalAmtdr21
"(3751, 3757)",ipHospStayChargesDr21
"(3781, 3785)",ipHospStaztricareAmtdr21
"(3777, 3781)",ipHospStazvachampvaAmtdr21
"(3790, 3794)",ipHospStazworkersCompAmtdr21
"(3669, 3675)",totHospIpFacilityExpinc0Nites21
"(3693, 3698)",ipHospStazmedicaidAmtfac21
"(3687, 3693)",ipHospStazmedicareAmtfac21
"(3715, 3719)",ipHospStazotherFedAmtfac21
"(3729, 3734)",ipHospStazotUnclassSrceAmtfac21
"(3740, 3745)",ipHospStazothCombinedAmtfac21
"(3698, 3704)",ipHospStazprivInsAmtfac21
"(3734, 3740)",ipHospStazprvTriAmtfac21
"(3682, 3687)",ipHospStazselffamilyAmtfac21
"(3719, 3724)",ipHospStazothStlocalAmtfac21
"(3675, 3682)",ipHospStayChargesFac21
"(3710, 3715)",ipHospStaztricareAmtfac21
"(3704, 3710)",ipHospStazvachampvaAmtfac21
"(3724, 3729)",ipHospStazworkersCompAmtfac21
"(3807, 3810)",nightsInHospForDischarges2021
"(3593, 3599)",totHospIpFacilityDrExp21
"(3617, 3622)",ipHospStazmedicaidAmtfacdr21
"(3611, 3617)",ipHospStazmedicareAmtfacdr21
"(3639, 3643)",ipHospStazotherFedAmtfacdr21
"(3653, 3658)",ipHospStazothUnclsSrcAmtfacdr21
"(3664, 3669)",ipHospStazOthCombinedAmtFacdr21
"(3622, 3628)",ipHospStazprivInsAmtfacdr21
"(3658, 3664)",ipHospStazprvTriAmtFacdr21
"(3606, 3611)",ipHospStazselffamilyAmtfacdr21
"(3643, 3648)",ipHspStazothStlocalAmtfacdr21
"(3599, 3606)",ipHospStayChargesFacdr21
"(3634, 3639)",ipHospStaztricareAmtfacdr21
"(3628, 3634)",ipHospStazvachampvaAmtfacdr21
"(3648, 3653)",ipHospStazwrkrsCompAmtfacdr21
"(1726, 1727)",iraIncomeImputationFlag
"(1721, 1726)",personsIraIncome
"(1526, 1528)",prvStlcGovFedGovRd31CmjImp
"(1528, 1530)",prvStlcGovFedGovRd42CmjImp
"(1530, 1532)",prvStlcGovFedGovRd53CmjImp
"(1614, 1617)",pidOfSecondaryFiler
"(1442, 1445)",privProfitnonprofitGovRd31Cmj
"(1445, 1448)",privProfitnonprofitGovRd42Cmj
"(1448, 1451)",privProfitnonprofitGovRd53Cmj
"(1612, 1614)",jointFilersMembershipInRu
"(384, 387)",jointPainLast12Months17Rd31
"(387, 390)",jointPainLast12Months17Rd53
"(692, 695)",saq30DaysOverallRatingOfFeelings
"(152, 153)",personKeyStatus
"(596, 598)",prblmGettingAlongWkids517r42
"(465, 468)",difficultyLifting10PoundsRd31
"(468, 470)",difficultyLifting10PoundsRd53
"(1109, 1111)",uscLocationr42
"(628, 630)",lostAllUpprAndLowrTeeth17Rd53
"(207, 209)",maritalStatus123121Editedimputed
"(201, 203)",maritalStatusR31Editedimputed
"(203, 205)",maritalStatusR42Editedimputed
"(205, 207)",maritalStatusR53Editedimputed
"(2522, 2524)",covByMedicaidOrSchip123121
"(2530, 2532)",covByMedicaidOrSchip123121Ed
"(2516, 2518)",covByMedicaidOrSchipR31IntDt
"(2524, 2526)",covByMedicaidschipR31IntDtEd
"(2518, 2520)",covByMedicaidOrSchipR42IntDt
"(2526, 2528)",covByMedicaidschipR42IntDtEd
"(2520, 2522)",covByMedicaidOrSchip1231r3IntDt
"(2528, 2530)",covMedicaidschip1231r3IntDted
"(2538, 2540)",covByMedicare123121
"(2546, 2548)",covByMedicare123121Ed
"(2532, 2534)",covByMedicareR31IntDt
"(2540, 2542)",covByMedicareR31IntDtEd
"(2534, 2536)",covByMedicareR42IntDt
"(2542, 2544)",covByMedicareR42IntDtEd
"(2536, 2538)",covByMedicare1231r3IntDt
"(2544, 2546)",covByMedicare1231r3IntDtEd
"(1852, 1854)",covByMedicaidOrSchipInApr21
"(1876, 1878)",covByMedicaidOrSchipInApr21Ed
"(2554, 2556)",cvMcdchipanyTmeInR53Til123121
"(2548, 2550)",covMedicaidOrSchipAnyTimeInR31
"(2550, 2552)",covMedicaidOrSchipAnyTimeInR42
"(2552, 2554)",covMedicaidOrSchipAnyTimeInR53
"(1860, 1862)",covByMedicaidOrSchipInAug21
"(1884, 1886)",covByMedicaidOrSchipInAug21Ed
"(1868, 1870)",covByMedicaidOrSchipInDec21
"(1892, 1894)",covByMedicaidOrSchipInDec21Ed
"(2401, 2402)",everHaveMcaidschipDuring2021Ed
"(1848, 1850)",covByMedicaidOrSchipInFeb21
"(1872, 1874)",covByMedicaidOrSchipInFeb21Ed
"(2463, 2466)",covByMcaidschipHmor53Til123121
"(2457, 2460)",covByMcaidschipHmoAnyTimeInR31
"(2460, 2463)",covByMcaidschipHmoAnyTimeInR42
"(1846, 1848)",covByMedicaidOrSchipInJan21
"(1870, 1872)",covByMedicaidOrSchipInJan21Ed
"(1858, 1860)",covByMedicaidOrSchipInJul21
"(1882, 1884)",covByMedicaidOrSchipInJul21Ed
"(1856, 1858)",covByMedicaidOrSchipInJun21
"(1880, 1882)",covByMedicaidOrSchipInJun21Ed
"(1850, 1852)",covByMedicaidOrSchipInMar21
"(1874, 1876)",covByMedicaidOrSchipInMar21Ed
"(2472, 2475)",cvMcdchipGtkprPlnr53Til123121
"(2466, 2469)",cvMcaidchipGtkprPlnanyTimeInR31
"(2469, 2472)",cvMcaidchipGtkprPlnanyTimeInR42
"(1854, 1856)",covByMedicaidOrSchipInMay21
"(1878, 1880)",covByMedicaidOrSchipInMay21Ed
"(1866, 1868)",covByMedicaidOrSchipInNov21
"(1890, 1892)",covByMedicaidOrSchipInNov21Ed
"(1864, 1866)",covByMedicaidOrSchipInOct21
"(1888, 1890)",covByMedicaidOrSchipInOct21Ed
"(1862, 1864)",covByMedicaidOrSchipInSep21
"(1886, 1888)",covByMedicaidOrSchipInSep21Ed
"(1804, 1806)",coveredByMedicareInApr21
"(1828, 1830)",coveredByMedicareInApr21Ed
"(1812, 1814)",coveredByMedicareInAug21
"(1836, 1838)",coveredByMedicareInAug21Ed
"(1820, 1822)",coveredByMedicareInDec21
"(1844, 1846)",coveredByMedicareInDec21Ed
"(2400, 2401)",everHaveMedicareDuring2021Ed
"(1800, 1802)",coveredByMedicareInFeb21
"(1824, 1826)",coveredByMedicareInFeb21Ed
"(1798, 1800)",coveredByMedicareInJan21
"(1822, 1824)",coveredByMedicareInJan21Ed
"(1810, 1812)",coveredByMedicareInJul21
"(1834, 1836)",coveredByMedicareInJul21Ed
"(1808, 1810)",coveredByMedicareInJun21
"(1832, 1834)",coveredByMedicareInJun21Ed
"(1802, 1804)",coveredByMedicareInMar21
"(1826, 1828)",coveredByMedicareInMar21Ed
"(1806, 1808)",coveredByMedicareInMay21
"(1830, 1832)",coveredByMedicareInMay21Ed
"(1818, 1820)",coveredByMedicareInNov21
"(1842, 1844)",coveredByMedicareInNov21Ed
"(1816, 1818)",coveredByMedicareInOct21
"(1840, 1842)",coveredByMedicareInOct21Ed
"(2445, 2448)",covByMedicarePartB123121
"(2439, 2442)",covByMedicarePartBR31
"(2442, 2445)",covByMedicarePartBR42
"(2427, 2430)",covByMedicarePmedBenefit123121
"(2436, 2439)",covByMcarePmedBenefit123121Ed
"(2421, 2424)",covByMedicarePmedBenefitR31
"(2430, 2433)",covByMedicarePmedBenefitR31Ed
"(2424, 2427)",covByMedicarePmedBenefitR42
"(2433, 2436)",covByMedicarePmedBenefitR42Ed
"(2454, 2457)",covByMedicareManagedCare123121
"(2448, 2451)",covByMedicareManagedCareR31
"(2451, 2454)",covByMedicareManagedCareR42
"(1814, 1816)",coveredByMedicareInSep21
"(1838, 1840)",coveredByMedicareInSep21Ed
"(323, 325)",ageOfDiagnosisheartAttackmi
"(320, 323)",heartAttackMiDiag17
"(480, 483)",difficultyWalkingAMileRd31
"(483, 485)",difficultyWalkingAMileRd53
"(297, 299)",perceivedMentalHealthStatusRd31
"(299, 301)",perceivedMentalHealthStatusRd42
"(301, 303)",perceivedMentalHealthStatusRd53
"(580, 582)",problemGettingAlongWmom517r42
"(273, 276)",pidOfPersonsMomRd31
"(276, 279)",pidOfPersonsMomRd42
"(279, 282)",pidOfPersonsMomRd53
"(1329, 1332)",rd31CmjFirmHasMoreThan1Location
"(1499, 1501)",rd31CmjFirmMoreThan1LocationImp
"(1332, 1335)",rd42CmjFirmHasMoreThan1Location
"(1501, 1503)",rd42CmjFirmMoreThan1LocationImp
"(1335, 1338)",rd53CmjFirmHasMoreThan1Location
"(1503, 1505)",rd53CmjFirmMoreThan1LocationImp
"(2498, 2500)",covByMorComprPlPrev2Yrpn26Only
"(1188, 1191)",hasMoreThanOneJobRd31IntDate
"(1191, 1194)",hasMoreThanOneJobRd42IntDate
"(1194, 1197)",hasMoreThanOneJobRd53IntDate
"(1119, 1121)",isProviderNativeAmericanr42
"(592, 594)",prblmFeelingNervousafraid517r42
"(1239, 1245)",updatedHrlyWageRd31CmjEdited
"(1245, 1251)",updatedHrlyWageRd42CmjEdited
"(1251, 1257)",updatedHrlyWageRd53CmjEdited
"(1490, 1493)",numberOfEmployeesAtRd31CmjImp
"(1493, 1496)",numberOfEmployeesAtRd42CmjImp
"(1496, 1499)",numberOfEmployeesAtRd53CmjImp
"(1320, 1323)",numberOfEmployeesAtRd31Cmj
"(1323, 1326)",numberOfEmployeesAtRd42Cmj
"(1326, 1329)",numberOfEmployeesAtRd53Cmj
"(1347, 1350)",reasonNotWorkingDuringRd31
"(1350, 1352)",reasonNotWorkingDuringRd42
"(1352, 1354)",reasonNotWorkingDuringRd53
"(2967, 2973)",totalOffbasedDrExp21
"(2985, 2991)",drOfficeVisitsMedicaidAmt21
"(2979, 2985)",drOfficeVisitsMedicareAmt21
"(3008, 3013)",drOfficeVisitsOtherFederalAmt21
"(3023, 3028)",drOffVstsOthUnclassSrceAmt21
"(3034, 3039)",drOfficeVisitsOthCombinedAmt21
"(2991, 2997)",drOfficeVisitsPrivateInsAmt21
"(3028, 3034)",drOfficeVisitsPrvTriAmt21
"(2957, 2960)",officebasedPhysicianVisits2021
"(2973, 2979)",drOfficeVisitsSelffamilyAmt21
"(3013, 3018)",drOfficeVisitsOthStlocalAmt21
"(2960, 2967)",officebasedPhysicianVisitCharges21
"(3003, 3008)",drOfficeVisitsTricareAmt21
"(2997, 3003)",drOfficeVisitsVachampvaAmt21
"(3018, 3023)",drOfficeVisitsWorkersCompAmt21
"(2872, 2875)",officebasedProviderVisits2021
"(2882, 2888)",totalOfficebasedExp21
"(2900, 2906)",allOfficeVisitsMedicaidAmt21
"(2894, 2900)",allOfficeVisitsMedicareAmt21
"(2923, 2928)",allOfficeVisitsotherFederalAmt21
"(2939, 2945)",allOffVstsOthUnclassSrceAmt21
"(2951, 2957)",allOfficeVisitsOthCombinedAmt21
"(2906, 2912)",allOfficeVisitsPrivateInsAmt21
"(2945, 2951)",allOfficeVisitsPrvTriAmt21
"(2888, 2894)",allOfficeVisitsSelffamilyAmt21
"(2928, 2934)",allOfficeVisitsothStlocalAmt21
"(2875, 2882)",officebasedProviderVisitCharges21
"(2918, 2923)",allOfficeVisitstricareAmt21
"(2912, 2918)",allOfficeVisitsvachampvaAmt21
"(2934, 2939)",allOfficeVisitsWorkersCompAmt21
"(1388, 1391)",occupationGroupRd31Cmj
"(1391, 1394)",occupationGroupRd42Cmj
"(1394, 1397)",occupationGroupRd53Cmj
"(1511, 1513)",occupationGroupRd31CmjImp
"(1513, 1515)",occupationGroupRd42CmjImp
"(1515, 1517)",occupationGroupRd53CmjImp
"(1574, 1576)",empOffersHealthInsRd31CmjImp
"(1576, 1578)",empOffersHealthInsRd42CmjImp
"(1578, 1580)",empOffersHealthInsRd53CmjImp
"(1568, 1570)",healthInsurOfferedByRd31CmjImp
"(1460, 1463)",healthInsurOfferedByRd31CmjEd
"(1570, 1572)",healthInsurOfferedByRd42CmjImp
"(1463, 1466)",healthInsurOfferedByRd42CmjEd
"(1572, 1574)",healthInsurOfferedByRd53CmjImp
"(1466, 1469)",healthInsurOfferedByRd53CmjEd
"(1129, 1131)",uscHasOffceHrsNghtswkendsr42
"(1469, 1472)",employerOffersHealthInsRd31Cmj
"(1472, 1475)",employerOffersHealthInsRd42Cmj
"(1475, 1478)",employerOffersHealthInsRd53Cmj
"(632, 634)",howOftnSmokeCigarettes17Rd53
"(328, 330)",ageOfDiagnosisotherHeartDisease
"(325, 328)",otherHeartDiseaseDiag17
"(330, 333)",typeOfOtherHeartDisease17
"(3196, 3201)",totalOutpatientProviderExp21
"(3217, 3222)",allOpdVisitsmedicaidAmtDr21
"(3212, 3217)",allOpdVisitsmedicareAmtDr21
"(3236, 3239)",allOpdVisitsotherFedAmtdr21
"(3246, 3251)",allOpdVstsothUnclassSrceAmtdr21
"(3256, 3261)",allOpdVisitsOthCombinedAmtdr21
"(3222, 3227)",allOpdVisitsprivInsAmtdr21
"(3251, 3256)",allOpdVisitsPrvTriAmtDr21
"(3261, 3263)",outpatientDeptPhysicianVisits2021
"(3207, 3212)",allOpdVisitsselffamilyAmtdr21
"(3239, 3241)",allOpdVisitsothStlocalAmtdr21
"(3201, 3207)",opdProviderVisitChargesDr21
"(3232, 3236)",allOpdVisitstricareAmtdr21
"(3227, 3232)",allOpdVisitsvachampvaAmtdr21
"(3241, 3246)",allOpdVisitsworkersCompAmtdr21
"(3126, 3132)",totalOutpatientFacilityExp21
"(3144, 3149)",allOpdVisitsmedicaidAmtfac21
"(3138, 3144)",allOpdVisitsmedicareAmtfac21
"(3166, 3171)",allOpdVisitsotherFedAmtfac21
"(3180, 3185)",allOpdVstsothUnclassSrceAmtfac21
"(3191, 3196)",allOpdVisitsOthCombinedAmtfac21
"(3149, 3155)",allOpdVisitsprivInsAmtfac21
"(3185, 3191)",allOpdVisitsPrvTriAmtfac21
"(3132, 3138)",allOpdVisitsselffamilyAmtfac21
"(3171, 3175)",allOpdVisitsothStlocalAmtfac21
"(3119, 3126)",opdProviderVisitChargesFac21
"(3161, 3166)",allOpdVisitstricareAmtfac21
"(3155, 3161)",allOpdVisitsvachampvaAmtfac21
"(3175, 3180)",allOpdVisitsworkersCompAmtfac21
"(3336, 3341)",totalOutpatientPhysicianDrExp21
"(3357, 3362)",opdDrVisitsmedicaidAmtdr21
"(3352, 3357)",opdDrVisitsmedicareAmtdr21
"(3376, 3379)",opdDrVisitsotherFedAmtdr21
"(3386, 3390)",opdDrVstsothUnclassSrceAmtdr21
"(3395, 3399)",opdDrVisitsOthCombinedAmtdr21
"(3362, 3367)",opdDrVisitsprivInsAmtdr21
"(3390, 3395)",opdDrVisitsPrvTriAmtdr21
"(3347, 3352)",opdDrVisitsselffamilyAmtdr21
"(3379, 3381)",opdDrVisitsothStlocalAmtdr21
"(3341, 3347)",opdPhysicianVisitChargesDr21
"(3372, 3376)",opdDrVisitstricareAmtdr21
"(3367, 3372)",opdDrVisitsvachampvaAmtdr21
"(3381, 3386)",opdDrVisitsworkersCompAmtdr21
"(3049, 3055)",totalOutpatientFacDrExp21
"(3067, 3072)",allOpdVstsmedicaidAmtfacdr21
"(3061, 3067)",allOpdVstsmedicareAmtfacdr21
"(3089, 3094)",allOpdVstsotherFedAmtfacdr21
"(3103, 3108)",allOpdVstsothUnclsSrcAmtfacdr21
"(3114, 3119)",allOpdVisitsothCombinedAmtfacdr21
"(3039, 3042)",outpatientDeptProviderVisits2021
"(3072, 3078)",allOpdVstsprivInsAmtfacdr21
"(3108, 3114)",allOpdVisitsPrvTriAmtFacdr21
"(3055, 3061)",allOpdVstsselffamilyAmtfacdr21
"(3094, 3098)",allOpdVstsothStlocalAmtfacdr21
"(3042, 3049)",opdFacilityDrVisitCharges21
"(3084, 3089)",allOpdVststricareAmtfacdr21
"(3078, 3084)",allOpdVstsvachampvaAmtfacdr21
"(3098, 3103)",allOpdVstsworkersCompAmtfacdr21
"(3269, 3275)",totalOutpatientPhysicianFacExp21
"(3286, 3291)",opdDrVisitsmedicaidAmtfac21
"(3280, 3286)",opdDrVisitsmedicareAmtfac21
"(3307, 3311)",opdDrVisitsotherFedAmtfac21
"(3320, 3325)",opdDrVstsothUnclassSrceAmtfac21
"(3331, 3336)",opdDrVisitsOthCombinedAmtfac21
"(3291, 3297)",opdDrVisitsprivInsAmtfac21
"(3325, 3331)",opdDrVisitsPrvTriAmtfac21
"(3275, 3280)",opdDrVisitsselffamilyAmtfac21
"(3311, 3315)",opdDrVisitsothStlocalAmtfac21
"(3263, 3269)",opdPhysicianVisitChargesFac21
"(3302, 3307)",opdDrVisitstricareAmtfac21
"(3297, 3302)",opdDrVisitsvachampvaAmtfac21
"(3315, 3320)",opdDrVisitsworkersCompAmtfac21
"(1087, 1090)",missAnyWorkDayToCareForOth2021
"(4067, 4073)",totOtherEquipsplyExclDiabExp21
"(1764, 1765)",otherIncomeImputationFlag
"(261, 264)",speakOtherLanguageAtHome
"(4083, 4089)",otherEqupsuppliesmedicaidAmt21
"(4078, 4083)",otherEqupsuppliesmedicareAmt21
"(1090, 1093)",dayMissedWorkToCareForOth2021
"(4102, 4107)",otherEqupsuppliesothrFedrlAmt21
"(4116, 4121)",othEqupsuplyOtUnclassSrceAmt21
"(4126, 4131)",otherEqupsupplyOthCombinedAmt21
"(4089, 4094)",otherEqupsuppliesprivInsAmt21
"(4121, 4126)",otherEqupsupplyPrvTriAmt21
"(1123, 1125)",isProviderSomeOtherRacer42
"(1758, 1764)",personsOtherIncome
"(4073, 4078)",otherEqupsuppliesSelffamAmt21
"(4107, 4111)",otherEqupsupplyothrStlocalAmt21
"(4061, 4067)",otherEqupsuppliesCharges21
"(4098, 4102)",otherEqupsupplytricareAmt21
"(4094, 4098)",otherEqupsupplyvachampvaAmt21
"(4111, 4116)",otherEqupsupplyWorkersCompAmt21
"(1121, 1123)",isProviderOthPacificIslndrr42
"(20, 22)",panelNumber
"(1415, 1418)",paidLeaveToVisitDrRd31Cmj
"(1592, 1594)",paidLeaveToVisitDrRd31CmjImp
"(1418, 1421)",paidLeaveToVisitDrRd42Cmj
"(1594, 1596)",paidLeaveToVisitDrRd42CmjImp
"(1421, 1424)",paidLeaveToVisitDrRd53Cmj
"(1596, 1598)",paidLeaveToVisitDrRd53CmjImp
"(1397, 1400)",paidVacationAtRd31Cmj
"(1400, 1403)",paidVacationAtRd42Cmj
"(1403, 1406)",paidVacationAtRd53Cmj
"(2068, 2070)",covrByPrivInsSourceUnknwnApr21
"(2076, 2078)",covrByPrivInsSourceUnknwnAug21
"(2084, 2086)",covrByPrivInsSourceUnknwnDec21
"(2064, 2066)",covrByPrivInsSourceUnknwnFeb21
"(2062, 2064)",covrByPrivInsSourceUnknwnJan21
"(2074, 2076)",covrByPrivInsSourceUnknwnJul21
"(2072, 2074)",covrByPrivInsSourceUnknwnJun21
"(2066, 2068)",covrByPrivInsSourceUnknwnMar21
"(2070, 2072)",covrByPrivInsSourceUnknwnMay21
"(2082, 2084)",covrByPrivInsSourceUnknwnNov21
"(2080, 2082)",covrByPrivInsSourceUnknwnOct21
"(2078, 2080)",covrByPrivInsSourceUnknwnSep21
"(2044, 2046)",coveredByEmplUnionInsInApr21
"(2052, 2054)",coveredByEmplUnionInsInAug21
"(2060, 2062)",coveredByEmplUnionInsInDec21
"(2040, 2042)",coveredByEmplUnionInsInFeb21
"(2038, 2040)",coveredByEmplUnionInsInJan21
"(2050, 2052)",coveredByEmplUnionInsInJul21
"(2048, 2050)",coveredByEmplUnionInsInJun21
"(2042, 2044)",coveredByEmplUnionInsInMar21
"(2046, 2048)",coveredByEmplUnionInsInMay21
"(2058, 2060)",coveredByEmplUnionInsInNov21
"(2056, 2058)",coveredByEmplUnionInsInOct21
"(2054, 2056)",coveredByEmplUnionInsInSep21
"(1701, 1702)",pensionIncomeImputationFlag
"(1695, 1701)",personsPensionIncome
"(4205, 4218)",finalPersonWeight2021
"(2489, 2496)",personlevelFsaTotalAmountR31
"(1127, 1129)",howDiffContactUscByPhoner42
"(701, 704)",saq2WksOverallRatingOfFeelings
"(630, 632)",modvigPhysExec5xWk17Rd53
"(7, 10)",personNumberPortionOfPersid
"(1103, 1105)",uscTypeOfPlacer42
"(2764, 2766)",pmedInsR5r3Until123121
"(2762, 2764)",pmedInsRd31In2021
"(2756, 2758)",pmedInsAnyTimeInRd31
"(2758, 2760)",pmedinsAnyTimeInRd42
"(2760, 2762)",pmedinsAnyTimeInRd53
"(2778, 2781)",usual3rdPartyPayerForPmedsR31
"(2781, 2784)",usual3rdPartyPayerForPmedsR42
"(2784, 2787)",usual3rdPartyPayerForPmedsR53
"(2772, 2774)",hasUsual3rdPartyPayerForPmedsR31
"(2774, 2776)",hasUsual3rdPartyPayerForPmedsR42
"(2776, 2778)",hasUsual3rdPartyPayerForPmedsR53
"(2164, 2166)",covByNonesiPhldrOutsideRuInApr21
"(2172, 2174)",covByNonesiPhldrOutsideRuInAug21
"(2180, 2182)",covByNonesiPhldrOutsideRuInDec21
"(2160, 2162)",covByNonesiPhldrOutsideRuInFeb21
"(2158, 2160)",covByNonesiPhldrOutsideRuInJan21
"(2170, 2172)",covByNonesiPhldrOutsideRuInJul21
"(2168, 2170)",covByNonesiPhldrOutsideRuInJun21
"(2162, 2164)",covByNonesiPhldrOutsideRuInMar21
"(2166, 2168)",covByNonesiPhldrOutsideRuInMay21
"(2178, 2180)",covByNonesiPhldrOutsideRuInNov21
"(2176, 2178)",covByNonesiPhldrOutsideRuInOct21
"(2174, 2176)",covByNonesiPhldrOutsideRuInSep21
"(2092, 2094)",coveredByNongroupInsInApr21
"(2100, 2102)",coveredByNongroupInsInAug21
"(2108, 2110)",coveredByNongroupInsInDec21
"(2088, 2090)",coveredByNongroupInsInFeb21
"(2086, 2088)",coveredByNongroupInsInJan21
"(2098, 2100)",coveredByNongroupInsInJul21
"(2096, 2098)",coveredByNongroupInsInJun21
"(2090, 2092)",coveredByNongroupInsInMar21
"(2094, 2096)",coveredByNongroupInsInMay21
"(2106, 2108)",coveredByNongroupInsInNov21
"(2104, 2106)",coveredByNongroupInsInOct21
"(2102, 2104)",coveredByNongroupInsInSep21
"(2140, 2142)",covByEsiPholderOutsideRuInApr21
"(2148, 2150)",covByEsiPholderOutsideRuInAug21
"(2156, 2158)",covByEsiPholderOutsideRuInDec21
"(2136, 2138)",covByEsiPholderOutsideRuInFeb21
"(2134, 2136)",covByEsiPholderOutsideRuInJan21
"(2146, 2148)",covByEsiPholderOutsideRuInJul21
"(2144, 2146)",covByEsiPholderOutsideRuInJun21
"(2138, 2140)",covByEsiPholderOutsideRuInMar21
"(2142, 2144)",covByEsiPholderOutsideRuInMay21
"(2154, 2156)",covByEsiPholderOutsideRuInNov21
"(2152, 2154)",covByEsiPholderOutsideRuInOct21
"(2150, 2152)",covByEsiPholderOutsideRuInSep21
"(2116, 2118)",coveredByOtherGroupInsInApr21
"(2124, 2126)",coveredByOtherGroupInsInAug21
"(2132, 2134)",coveredByOtherGroupInsInDec21
"(2112, 2114)",coveredByOtherGroupInsInFeb21
"(2110, 2112)",coveredByOtherGroupInsInJan21
"(2122, 2124)",coveredByOtherGroupInsInJul21
"(2120, 2122)",coveredByOtherGroupInsInJun21
"(2114, 2116)",coveredByOtherGroupInsInMar21
"(2118, 2120)",coveredByOtherGroupInsInMay21
"(2130, 2132)",coveredByOtherGroupInsInNov21
"(2128, 2130)",coveredByOtherGroupInsInOct21
"(2126, 2128)",coveredByOtherGroupInsInSep21
"(1640, 1641)",familyIncAsOfPovertyLineCategorical
"(1641, 1648)",familyIncAsOfPovertyLineContinuous
"(1097, 1099)",providerOwngroupPracticer42
"(2496, 2498)",perCovByInsInPrev2Yrspnl26Only
"(2212, 2214)",coveredByPrivateInsInApr21
"(2220, 2222)",coveredByPrivateInsInAug21
"(2228, 2230)",coveredByPrivateInsInDec21
"(2642, 2644)",covByPrivInsDkPlan123121
"(2636, 2638)",covByPrivInsDkPlanR31Int
"(2638, 2640)",covByPrivInsDkPlanR42Int
"(2640, 2642)",covByPrivInsDkPlan1231r3Int
"(2650, 2652)",covByEmplunionGrpIns123121
"(2644, 2646)",covByEmplunionGrpInsR31IntDt
"(2646, 2648)",covByEmplunionGrpInsR42IntDt
"(2648, 2650)",covByEmplunionGrpIns1231r3Int
"(2682, 2684)",covByEsiPholdrOutsideRu123121
"(2676, 2678)",covByEsiPholdrOutsideRuR31Int
"(2678, 2680)",covByEsiPholdrOutsideRuR42Int
"(2680, 2682)",cvByEsiPhldrOutsideRu1231r3Int
"(2208, 2210)",coveredByPrivateInsInFeb21
"(2206, 2208)",coveredByPrivateInsInJan21
"(2218, 2220)",coveredByPrivateInsInJul21
"(2216, 2218)",coveredByPrivateInsInJun21
"(2210, 2212)",coveredByPrivateInsInMar21
"(2214, 2216)",coveredByPrivateInsInMay21
"(2674, 2676)",covByNonesiPholdrOutRu123121
"(2668, 2670)",covByNonesiPholdrOutRuR31IntDt
"(2670, 2672)",covByNonesiPholdrOutRuR42IntDt
"(2672, 2674)",covByNonesiPholdrOutRu1231r3IntDt
"(2658, 2660)",covByNongroupIns123121
"(2652, 2654)",covByNongroupInsR31IntDt
"(2654, 2656)",covByNongroupInsR42IntDt
"(2656, 2658)",covByNongroupIns1231r3IntDt
"(2226, 2228)",coveredByPrivateInsInNov21
"(2224, 2226)",coveredByPrivateInsInOct21
"(2666, 2668)",covByOtherGroupIns123121
"(2660, 2662)",covByOtherGroupInsR31IntDt
"(2662, 2664)",covByOtherGroupInsR42IntDt
"(2664, 2666)",covByOtherGroupIns1231r3IntDt
"(2222, 2224)",coveredByPrivateInsInSep21
"(2698, 2700)",covByPrivHlthIns123121
"(2692, 2694)",covByPrivHlthInsR31IntDate
"(2694, 2696)",covByPrivHlthInsR42IntDate
"(2696, 2698)",covByPrivHlthIns1231r3IntDate
"(2706, 2708)",covByPrivateInsR53Until123121
"(2700, 2702)",covByPrivateInsAnyTimeInR31
"(2702, 2704)",covByPrivateInsAnyTimeInR42
"(2704, 2706)",covByPrivateInsAnyTimeInR53
"(2766, 2768)",familyHavingProbPayingMedicalBills
"(1101, 1103)",providerTyper42
"(107, 108)",wasRespondentAProxyAsOf123121
"(101, 103)",wasRespondentAProxyInR31
"(103, 105)",wasRespondentAProxyInR42
"(105, 107)",wasRespondentAProxyInR53
"(2690, 2692)",privExchangeInsuranceOn123121
"(2684, 2686)",covByPrivExchangeInsR31IntDt
"(2686, 2688)",covByPrivExchangeInsR42IntDt
"(2688, 2690)",privExchangeInsOn1231R5r3IntDt
"(2398, 2399)",everHavePrivateInsuranceDuring2021
"(2481, 2484)",coveredByPrivateHmor53Til123121
"(2475, 2478)",coveredByPrivateHmoanyTimeInR31
"(2478, 2481)",coveredByPrivateHmoanyTimeInR42
"(1139, 1141)",provSpeaksPersonsLanguager42
"(2188, 2190)",covByPrivInsThroughExchngInApr21
"(2196, 2198)",covByPrivInsThroughExchngInAug21
"(2204, 2206)",covByPrivInsThroughExchngInDec21
"(2184, 2186)",covByPrivInsThroughExchngInFeb21
"(2182, 2184)",covByPrivInsThroughExchngInJan21
"(2194, 2196)",covByPrivInsThroughExchngInJul21
"(2192, 2194)",covByPrivInsThroughExchngInJun21
"(2186, 2188)",covByPrivInsThroughExchngInMar21
"(2190, 2192)",covByPrivInsThroughExchngInMay21
"(2202, 2204)",covByPrivInsThroughExchngInNov21
"(2200, 2202)",covByPrivInsThroughExchngInOct21
"(2198, 2200)",covByPrivInsThroughExchngInSep21
"(163, 165)",personDispositionStatusR31
"(165, 167)",personDispositionStatusR42
"(167, 169)",personDispositionStatusR53
"(2714, 2716)",covByPublicIns123121Ed
"(2708, 2710)",covByPublicInsR31IntDtEd
"(2710, 2712)",covByPublicInsR42IntDtEd
"(2712, 2714)",covByPublicIns1231r3IntDtEd
"(2020, 2022)",covrByAnyPublicInsInApr21
"(2722, 2724)",covByPublicR53Until123121
"(2716, 2718)",covByPublicAnyTimeInR31
"(2718, 2720)",covByPublicAnyTimeInR42
"(2720, 2722)",covByPublicAnyTimeInR53
"(2028, 2030)",covrByAnyPublicInsInAug21
"(2036, 2038)",covrByAnyPublicInsInDec21
"(2016, 2018)",covrByAnyPublicInsInFeb21
"(1757, 1758)",publicAssistanceImputationFlag
"(2014, 2016)",covrByAnyPublicInsInJan21
"(2026, 2028)",covrByAnyPublicInsInJul21
"(2024, 2026)",covrByAnyPublicInsInJun21
"(2018, 2020)",covrByAnyPublicInsInMar21
"(2022, 2024)",covrByAnyPublicInsInMay21
"(2034, 2036)",covrByAnyPublicInsInNov21
"(2032, 2034)",covrByAnyPublicInsInOct21
"(1752, 1757)",personsPublicAssistance
"(2030, 2032)",covrByAnyPublicInsInSep21
"(2770, 2772)",unableToPayFamilyMedicalBills
"(1580, 1582)",paidVacationAtRd31CmjImp
"(1582, 1584)",paidVacationAtRd42CmjImp
"(1584, 1586)",paidVacationAtRd53CmjImp
"(195, 196)",asianAmongRacesRptdEditedimputed
"(196, 197)",blackAmongRacesRptdEditedimputed
"(198, 199)",raceethnicityEditedimputed
"(197, 198)",whiteAmongRacesRptdEditedimputed
"(495, 498)",difficultyReachingOverheadRd31
"(498, 500)",difficultyReachingOverheadRd53
"(94, 97)",referencePersonAsOf123121
"(85, 88)",referencePersonAtR31
"(88, 91)",referencePersonAtR42
"(91, 94)",referencePersonAtR53
"(259, 261)",relationToRefPers123121Editimp
"(253, 255)",relationToRefPersR31Editimp
"(255, 257)",relationToRefPersR42Editimp
"(257, 259)",relationToRefPersR53Editimp
"(83, 85)",censusRegionAsOf123121
"(77, 79)",censusRegionR31
"(79, 81)",censusRegionR42
"(81, 83)",censusRegionR53
"(100, 101)",1stRespondentIndicatorAsOf123121
"(97, 98)",1stRespondentIndicatorForR31
"(98, 99)",1stRespondentIndicatorForR42
"(99, 100)",1stRespondentIndicatorForR53
"(1424, 1427)",pensionPlanAtRd31Cmj
"(1427, 1430)",pensionPlanAtRd42Cmj
"(1430, 1433)",pensionPlanAtRd53Cmj
"(1186, 1188)",dataCollectionRoundForRd31Cmj
"(291, 293)",perceivedHealthStatusRd31
"(293, 295)",perceivedHealthStatusRd42
"(295, 297)",perceivedHealthStatusRd53
"(1598, 1600)",pensionPlanAtRd31CmjImp
"(1600, 1602)",pensionPlanAtRd42CmjImp
"(1602, 1604)",pensionPlanAtRd53CmjImp
"(61, 62)",ruFieldedAsstandardnewstud123121
"(55, 57)",ruFieldedAsstandardnewstudentr31
"(57, 59)",ruFieldedAsstandardnewstudentr42
"(59, 61)",ruFieldedAsstandardnewstudentr53
"(44, 47)",ruLetterAsOf123121
"(38, 40)",ruLetterR31
"(40, 42)",ruLetterR42
"(42, 44)",ruLetterR53
"(169, 171)",ruResultR31
"(171, 173)",ruResultR42
"(173, 175)",ruResultR53
"(53, 55)",ruSizeAsOf123121
"(47, 49)",ruSizeR31
"(49, 51)",ruSizeR42
"(51, 53)",ruSizeR53
"(4134, 4141)",totalRxexp21
"(4153, 4160)",totalRxmedicaidAmt21
"(4146, 4153)",totalRxmedicareAmt21
"(4177, 4182)",totalRxotherFedAmt21
"(4190, 4194)",totRxothUnclassSrceAmt21
"(4200, 4205)",totalRxothCombinedAmt21
"(4160, 4166)",totalRxprivateInsAmt21
"(4194, 4200)",totalRxprvTriAmt21
"(4141, 4146)",totalRxselffamilyAmt21
"(4182, 4187)",totalRxotherStlocalAmt21
"(4131, 4134)",prescMedsInclRefills21
"(4172, 4177)",totalRxtricareAmt21
"(4166, 4172)",totalRxvachampvaAmt21
"(4187, 4190)",totalRxworkersCompAmt21
"(1688, 1694)",personsSalesIncome
"(1694, 1695)",salesIncomeImputationFlag
"(634, 635)",eligibilityStatusForSaq
"(4244, 4257)",finalSaqPersonWeight2021
"(586, 588)",problemBehaviorAtSchool517r42
"(517, 519)",schoolLimitationRd31
"(519, 521)",schoolLimitationRd53
"(600, 602)",problemWithSchoolwork517r42
"(1586, 1588)",paidSickLeaveAtRd31CmjImp
"(1588, 1590)",paidSickLeaveAtRd42CmjImp
"(1590, 1592)",paidSickLeaveAtRd53CmjImp
"(909, 912)",sdohAffordableHousing
"(990, 993)",sdohAttendChurchOrServices
"(993, 996)",sdohMeetingsPerYear
"(1074, 1077)",sdohDateCompletedMonth
"(1077, 1081)",sdohDateCompletedYear
"(981, 984)",sdohHelpFromCommunity
"(996, 999)",sdohFeelLackCompanionship
"(966, 969)",sdoh30DaysAvgDaysPerWkModExrcs
"(963, 966)",sdoh12MosContactCollection
"(1008, 1011)",sdohDiscriminationInHealthcare
"(1017, 1020)",sdohDiscriminationInHousing
"(1014, 1017)",sdohDiscriminationApplyingJobs
"(1020, 1023)",sdohDiscriminationByPolice
"(1023, 1026)",sdohDiscriminationApplyingServices
"(1026, 1029)",sdohDiscriminationStores
"(1011, 1014)",sdohDiscriminationAtWork
"(1005, 1008)",sdohUsedElectronicNicotineProd
"(975, 978)",sdohHelpFromFamily
"(1071, 1074)",sdohHowOftenForced
"(978, 981)",sdohHelpFromFriends
"(987, 990)",sdohSeeOthersPerWeek
"(900, 903)",sdohPlacesForHealthyFood
"(1044, 1047)",sdohLivedWithAlcoholic18
"(1056, 1059)",sdohHowOftenAbused18
"(1041, 1044)",sdohLivedWithMentalIllness18
"(1053, 1056)",sdohLivedWithSplitHome18
"(1047, 1050)",sdohLivedWithDrugs18
"(1050, 1053)",sdohLivedWithSentenced18
"(891, 894)",sdohSatisfiedWithHome
"(1059, 1062)",sdohHowOftenChildHurt
"(1062, 1065)",sdohHowOftenChildInsult
"(1032, 1035)",sdohHowOftenInsulted
"(1002, 1005)",sdohFeelIsolated
"(915, 918)",sdoh12MosPayRentmortgLate
"(918, 921)",sdoh12MosPayUtilityLate
"(999, 1002)",sdohFeelLeftOut
"(888, 891)",sdohSatisfiedWithLife
"(894, 897)",sdohPlacesForMedicalCare
"(969, 972)",sdoh30DaysMinPerDayModExrcs
"(960, 963)",sdoh12MosMissCardOrLoanPymt
"(951, 954)",sdoh12MosFoodRanOut
"(912, 915)",sdoh12MosNoTransDaily
"(887, 888)",eligibilityStatusForSdoh
"(4269, 4282)",finalSdohPersonWeight2021
"(897, 900)",sdohPlacesForParksplay
"(954, 957)",sdohHowHardPayBasics
"(1029, 1032)",sdohHowOftenHurtByOthers
"(936, 939)",sdohHomeProblemCook
"(933, 936)",sdohHomeProblemHeat
"(930, 933)",sdohHomeProblemLead
"(942, 945)",sdohHomeProblemWaterLeaks
"(927, 930)",sdohHomeProblemMold
"(945, 948)",sdohNoHomeProblems
"(924, 927)",sdohHomeProblemPests
"(939, 942)",sdohHomeProblemSmokeDetector
"(1081, 1084)",sdohRelationshipRespondentToAdult
"(906, 909)",sdohAccessPublicTransportation
"(1038, 1041)",sdohHowOftenScreamCurse
"(903, 906)",sdohSafeFromCrimeviolence
"(921, 924)",sdoh12MosThreatUtilityOff
"(972, 975)",sdohHowOftenStress
"(1068, 1071)",sdohHowOftenAskedToTouch
"(1065, 1068)",sdohHowOftenChildTouched
"(1035, 1038)",sdohHowOftenThreatenedHarm
"(984, 987)",sdohTelephoneOthersPerWeek
"(957, 960)",sdohCoverUnexpectedExpense
"(948, 951)",sdoh12MosWorriedAboutFood
"(1284, 1287)",selfemployedAtRd31Cmj
"(1287, 1290)",selfemployedAtRd42Cmj
"(1290, 1293)",selfemployedAtRd53Cmj
"(191, 192)",sex
"(594, 596)",prblmGettingAlongWsibs517r42
"(1406, 1409)",paidSickLeaveAtRd31Cmj
"(1409, 1412)",paidSickLeaveAtRd42Cmj
"(1412, 1415)",paidSickLeaveAtRd53Cmj
"(1484, 1486)",selfemployedAtRd31CmjImp
"(1486, 1488)",selfemployedAtRd42CmjImp
"(1488, 1490)",selfemployedAtRd53CmjImp
"(525, 527)",socialLimitationsRd31
"(527, 529)",socialLimitationsRd53
"(218, 221)",spouseId123121
"(209, 212)",spouseIdR31
"(212, 215)",spouseIdR42
"(215, 218)",spouseIdR53
"(230, 233)",maritalStatusWspousePresent123121
"(221, 224)",maritalStatusWspousePresentr31
"(224, 227)",maritalStatusWspousePresentr42
"(227, 230)",maritalStatusWspousePresentr53
"(598, 600)",problemWsportshobbies517r42
"(1707, 1708)",socialSecurityIncomeImputationFlag
"(1702, 1707)",personsSocialSecurityIncome
"(1751, 1752)",ssiImputationFlag
"(1746, 1751)",personsSsi
"(1275, 1278)",isCmjASeasonalJobRd31
"(1278, 1281)",isCmjASeasonalJobRd42
"(1281, 1284)",isCmjASeasonalJobRd53
"(1364, 1367)",monthStartedRd31Cmj
"(1371, 1374)",monthStartedRd42Cmj
"(1378, 1381)",monthStartedRd53Cmj
"(1367, 1371)",yearStartedRd31Cmj
"(1374, 1378)",yearStartedRd42Cmj
"(1381, 1385)",yearStartedRd53Cmj
"(485, 488)",difficultyStanding20MinutesRd31
"(488, 490)",difficultyStanding20MinutesRd53
"(470, 473)",difficultyWalkingUp10StepsRd31
"(473, 475)",difficultyWalkingUp10StepsRd53
"(336, 338)",ageOfDiagnosisstroke
"(333, 336)",strokeDiagnosis17
"(1617, 1619)",taxFormPersonWillFile
"(1266, 1269)",isCmjATemporaryJobRd31
"(1269, 1272)",isCmjATemporaryJobRd42
"(1272, 1275)",isCmjATemporaryJobRd53
"(1105, 1107)",howLongItTakesGetToUscr42
"(2794, 2801)",TOTEXP
"(2814, 2821)",totalAmtPaidByMedicaid21
"(2807, 2814)",totalAmtPaidByMedicare21
"(2838, 2843)",totalAmtPaidByOtherFederal21
"(2854, 2860)",totalAmtPaidByOtherSources21
"(2866, 2872)",totalAmtPaidByOthCombined21
"(2821, 2827)",totalAmtPaidByPrivateIns21
"(2860, 2866)",totalAmtPaidByPrvTri21
"(2801, 2807)",totalAmtPaidBySelffamily21
"(2843, 2849)",totalAmtPaidByOthStlocal21
"(2787, 2794)",totalHealthCareCharges21ExclRx
"(2833, 2838)",totalAmtPaidByTricare21
"(2827, 2833)",totalAmtPaidByVachampva21
"(2849, 2854)",totalAmtPaidByWorkersComp21
"(1133, 1135)",provAskAboutOthTreatmentsr42
"(2419, 2421)",covByTricareR53Til123121
"(2415, 2417)",covByTricareAnyTimeInR31
"(2417, 2419)",covByTricareAnyTimeInR42
"(1780, 1782)",coveredByTricarechampvaInApr21ed
"(2514, 2516)",covTricarechampvar53Until123121
"(2508, 2510)",covTricarechampvaAnyTimeInR31
"(2510, 2512)",covTricarechampvaAnyTimeInR42
"(2512, 2514)",covTricarechampvaAnyTimeInR53
"(1788, 1790)",coveredByTricarechampvaInAug21Ed
"(2413, 2415)",coveredByChampvaR53Until123121
"(2409, 2411)",coveredByChampvaAnyTimeInR31
"(2411, 2413)",coveredByChampvaAnyTimeInR42
"(2506, 2508)",covByTricrchamv123121Ed
"(2500, 2502)",covByTricrchamvR31IntDtEd
"(2502, 2504)",covByTricrchamvR42IntDtEd
"(2504, 2506)",covByTricrchamv1231r3IntDtEd
"(1796, 1798)",coveredByTricarechampvaInDec21Ed
"(2399, 2400)",everHaveTricarechampvaDuring2021
"(1776, 1778)",coveredByTricarechampvaInFeb21Ed
"(1774, 1776)",coveredByTricarechampvaInJan21Ed
"(1786, 1788)",coveredByTricarechampvaInJul21Ed
"(1784, 1786)",coveredByTricarechampvaInJun21Ed
"(1778, 1780)",coveredByTricarechampvaInMar21Ed
"(1782, 1784)",coveredByTricarechampvaInMay21Ed
"(1794, 1796)",coveredByTricarechampvaInNov21Ed
"(1792, 1794)",coveredByTricarechampvaInOct21Ed
"(1790, 1792)",coveredByTricarechampvaInSep21Ed
"(1708, 1714)",personsTrustrentIncome
"(1714, 1715)",trustIncomeImputationFlag
"(1628, 1634)",personsTotalIncome
"(1107, 1109)",uscTypeOfProviderr42
"(521, 523)",completelyUnableToDoActivityRd31
"(523, 525)",completelyUnableToDoActivityRd53
"(1668, 1669)",unemploymentImputationFlag
"(1663, 1668)",personsUnemploymentCompIncome
"(584, 586)",problemFeelingUnhappysad517r42
"(2406, 2407)",uninsuredAllOf2021
"(1338, 1341)",unionStatusAtRd31Cmj
"(1532, 1534)",unionStatusAtRd31CmjImp
"(1341, 1344)",unionStatusAtRd42Cmj
"(1534, 1536)",unionStatusAtRd42CmjImp
"(1344, 1347)",unionStatusAtRd53Cmj
"(1536, 1538)",unionStatusAtRd53CmjImp
"(2402, 2403)",everHaveVaDuring2021
"(1972, 1974)",coveredByVaInApr21
"(1980, 1982)",coveredByVaInAug21
"(1988, 1990)",coveredByVaInDec21
"(1968, 1970)",coveredByVaInFeb21
"(1966, 1968)",coveredByVaInJan21
"(1978, 1980)",coveredByVaInJul21
"(1976, 1978)",coveredByVaInJun21
"(1970, 1972)",coveredByVaInMar21
"(1974, 1976)",coveredByVaInMay21
"(1986, 1988)",coveredByVaInNov21
"(1984, 1986)",coveredByVaInOct21
"(2618, 2620)",covByVaanyTmeInR53Til123121
"(2612, 2614)",covByVaAnyTimeInR31
"(2614, 2616)",covByVaAnyTimeInR42
"(2616, 2618)",covByVaAnyTimeInR53
"(2610, 2612)",covByVa123121
"(2604, 2606)",covByVaR31IntDt
"(2606, 2608)",covByVaR42IntDt
"(2608, 2610)",covByVa1231r3IntDt
"(1982, 1984)",coveredByVaInSep21
"(4286, 4287)",varianceEstimationPsu2021
"(4282, 4286)",varianceEstimationStratum2021
"(2728, 2730)",pidGainedCovgThruVerificationInR5r3Until123121
"(2724, 2726)",pidGainedCovgThruVerificationR31
"(2726, 2728)",pidGainedCovgThruVerificationR42
"(1720, 1721)",veteransIncomeImputationFlag
"(1715, 1720)",personsVeteransIncome
"(4008, 4013)",totalGlassescontactLensExp21
"(4026, 4031)",glassescntctLensesmedicaidAmt21
"(4022, 4026)",glassescntctLensesmedicareAmt21
"(4042, 4045)",glassescntctLensesothrFedAmt21
"(4049, 4053)",glasescntctLenseotUnclasSrceAmt21
"(4057, 4061)",glassescntctLensesOthCombinedAmt21
"(4031, 4035)",glassescntctLensesprivInsAmt21
"(4053, 4057)",glassescntctLensesPrvTriAmt21
"(4018, 4022)",glassescntctLensesSelffamAmt21
"(4045, 4048)",glassescntctLensesothStloclAmt21
"(4013, 4018)",glassescontactLensesCharges21
"(4039, 4042)",glasseslensestricareAmt21
"(4035, 4039)",glassescntctLensesvachampvaAmt21
"(4048, 4049)",glassescntctLensesworkersCompAmt21
"(773, 779)",saqmntComponentSummryVr12Imputed
"(767, 773)",saqphyComponentSummryVr12Imputed
"(779, 781)",saqVpcs42vmcs42ImputationFlagVr12
"(1648, 1654)",personsWageIncome
"(1654, 1655)",wageImputationFlag
"(1669, 1674)",personsWorkersCompensation
"(1674, 1675)",workersCompImputationFlag
"(1113, 1115)",isProviderWhiter42
"(264, 266)",whatLanguageSpokenOtherThanEnglish
"(1606, 1608)",willPersonFileFedIncomeTaxReturn
"(475, 478)",difficultyWalking3BlocksRd31
"(478, 480)",difficultyWalking3BlocksRd53
"(461, 463)",limitationInPhysicalFunctioningRd31
"(463, 465)",limitationInPhysicalFunctioningRd53
"(509, 511)",workLimitationRd31
"(511, 513)",workLimitationRd53
"(1360, 1362)",whyChngdJobBetweenRd31AndRd42
"(1362, 1364)",whyChngdJobBetweenRd42AndRd53
"(1099, 1101)",mainReasPersDoesntHaveUscr42
"(271, 273)",yearsPersonLivedInTheUs
